City_ID,City,Country,Date,Lat,Lng,Max Temp,Humidity,Cloudiness,Wind Speed
0,Bud,US,2023-01-27 04:22:58,39.447,-86.1758,24.98,85,99,8.86
1,Poum,NC,2023-01-27 04:22:59,-20.2333,164.0167,82.45,78,21,9.24
2,Punta Arenas,CL,2023-01-27 04:22:59,-53.15,-70.9167,46.51,66,0,13.8
3,Santa Isabel,BR,2023-01-27 04:23:00,-23.3156,-46.2214,65.5,96,48,1.97
4,Vaini,TO,2023-01-27 04:23:00,-21.2,-175.2,82.56,89,75,4.61
5,Rikitea,PF,2023-01-27 04:23:00,-23.1203,-134.9692,79.07,74,100,13.73
6,Qaanaaq,GL,2023-01-27 04:23:01,77.484,-69.3632,-6.03,69,80,5.48
7,Castro,BR,2023-01-27 04:23:01,-24.7911,-50.0119,56.25,90,0,5.41
8,Moose Factory,CA,2023-01-27 04:23:01,51.2585,-80.6094,-22.02,76,0,4.61
9,Jamestown,US,2023-01-27 04:23:02,42.097,-79.2353,29.79,97,100,7.0
10,Severo-Kurilsk,RU,2023-01-27 04:23:02,50.6789,156.125,31.53,88,92,11.3
11,Yar-Sale,RU,2023-01-27 04:23:03,66.8333,70.8333,10.02,94,77,9.73
12,Mataura,NZ,2023-01-27 04:23:03,-46.1927,168.8643,62.2,50,81,9.35
13,Ulaangom,MN,2023-01-27 04:23:04,49.9811,92.0667,-10.79,98,98,2.62
14,Hervey Bay,AU,2023-01-27 04:23:04,-25.2986,152.8535,81.27,64,100,4.83
15,Tuy Hoa,VN,2023-01-27 04:23:05,13.0833,109.3,73.99,86,99,16.49
16,Hithadhoo,MV,2023-01-27 04:23:05,-0.6,73.0833,80.64,72,47,3.38
17,Evensk,RU,2023-01-27 04:23:05,61.95,159.2333,7.79,62,100,28.54
18,Albany,US,2023-01-27 04:21:31,42.6001,-73.9662,28.58,69,98,8.43
19,Laramie,US,2023-01-27 04:18:33,41.3114,-105.5911,25.18,64,100,28.77
20,Ushuaia,AR,2023-01-27 04:21:56,-54.8,-68.3,42.46,81,75,9.22
21,Muros,ES,2023-01-27 04:23:06,42.7762,-9.0603,48.09,84,72,15.1
22,Kapaa,US,2023-01-27 04:23:07,22.0752,-159.319,73.38,65,40,17.27
23,Hobart,AU,2023-01-27 04:23:08,-42.8794,147.3294,80.22,44,0,14.97
24,Palmer,US,2023-01-27 04:21:59,42.1584,-72.3287,35.15,60,100,17.27
25,Hearst,CA,2023-01-27 04:23:08,49.6835,-83.6665,-14.55,100,92,2.89
26,Timizart,DZ,2023-01-27 04:23:09,36.8,4.2667,39.16,84,73,4.32
27,Hermanus,ZA,2023-01-27 04:23:09,-34.4187,19.2345,62.8,83,18,6.78
28,Kaitangata,NZ,2023-01-27 04:23:10,-46.2817,169.8464,62.33,59,96,10.27
29,Bluff,NZ,2023-01-27 04:23:10,-46.6,168.3333,58.96,54,22,18.72
30,Kavaratti,IN,2023-01-27 04:23:10,10.5669,72.642,79.66,77,28,9.22
31,Bafq,IR,2023-01-27 04:23:11,31.6128,55.4107,34.27,92,99,4.07
32,Pevek,RU,2023-01-27 04:23:11,69.7008,170.3133,-13.27,79,2,6.62
33,Padang,ID,2023-01-27 04:23:12,-0.9492,100.3543,76.06,91,100,4.05
34,Bilibino,RU,2023-01-27 04:23:12,68.0546,166.4372,-15.29,84,2,9.04
35,Lomza,PL,2023-01-27 04:23:12,53.1781,22.0593,29.77,95,100,2.1
36,Avarua,CK,2023-01-27 04:23:13,-21.2078,-159.775,84.25,74,20,8.05
37,Saskylakh,RU,2023-01-27 04:23:13,71.9167,114.0833,-37.16,94,26,12.3
38,Grindavik,IS,2023-01-27 04:23:13,63.8424,-22.4338,35.55,100,75,44.87
39,Matagami,CA,2023-01-27 04:23:14,49.7502,-77.6328,-9.29,84,100,5.75
40,Novikovo,RU,2023-01-27 04:23:14,51.1537,37.8879,24.03,71,0,1.12
41,Santiago Del Estero,AR,2023-01-27 04:23:15,-27.7951,-64.2615,86.0,47,66,4.85
42,Laon,FR,2023-01-27 04:23:15,49.5667,3.6667,36.12,91,95,12.82
43,Busselton,AU,2023-01-27 04:23:15,-33.65,115.3333,71.2,52,98,11.86
44,Saint-Philippe,RE,2023-01-27 04:23:16,-21.3585,55.7679,81.99,83,100,2.48
45,Moche,PE,2023-01-27 04:23:16,-8.1711,-79.0092,69.98,83,100,8.05
46,Talara,PE,2023-01-27 04:23:17,-4.5772,-81.2719,72.45,82,43,8.32
47,At-Bashi,KG,2023-01-27 04:23:17,41.1702,75.8106,4.78,74,2,2.01
48,Teacapan,MX,2023-01-27 04:23:18,22.55,-105.75,66.36,84,88,2.95
49,Medianeira,BR,2023-01-27 04:21:57,-25.2953,-54.0939,72.68,52,16,5.01
50,Tiksi,RU,2023-01-27 04:23:18,71.6872,128.8694,-37.66,97,81,3.2
51,Shetpe,KZ,2023-01-27 04:23:19,44.1667,52.1167,24.39,61,0,6.24
52,Sarai,RU,2023-01-27 04:23:19,53.7458,41.0213,16.05,94,18,7.9
53,Guhagar,IN,2023-01-27 04:23:20,17.4842,73.1929,81.3,44,16,3.09
54,Vagay,RU,2023-01-27 04:23:20,57.9375,69.0217,20.03,94,100,8.68
55,Gleisdorf,AT,2023-01-27 04:23:20,47.1061,15.7127,31.48,96,99,3.4
56,Fortuna,US,2023-01-27 04:23:21,40.5982,-124.1573,46.74,95,0,0.0
57,Rawis,PH,2023-01-27 04:23:21,12.095,124.8201,77.81,93,98,2.21
58,Georgetown,MY,2023-01-27 04:20:02,5.4112,100.3354,85.93,67,20,5.75
59,Baillif,GP,2023-01-27 04:23:22,16.0202,-61.7463,65.7,64,13,6.33
60,Coquimbo,CL,2023-01-27 04:23:22,-29.9533,-71.3436,60.53,88,0,3.44
61,Tarnogskiy Gorodok,RU,2023-01-27 04:23:23,60.4997,43.5761,32.54,98,100,5.91
62,Pemangkat,ID,2023-01-27 04:23:23,1.1667,108.9667,79.86,86,74,8.32
63,Port Elizabeth,ZA,2023-01-27 04:23:24,-33.918,25.5701,68.31,95,20,8.05
64,Sorong,ID,2023-01-27 04:23:24,-0.8833,131.25,82.06,77,72,1.34
65,Port Alfred,ZA,2023-01-27 04:23:25,-33.5906,26.891,67.17,91,28,1.01
66,Kulhudhuffushi,MV,2023-01-27 04:23:25,6.6221,73.07,80.04,76,43,6.51
67,Tasiilaq,GL,2023-01-27 04:23:25,65.6145,-37.6368,19.56,33,23,38.27
68,Cherskiy,RU,2023-01-27 04:23:26,68.75,161.3,-11.58,80,30,6.71
69,Totma,RU,2023-01-27 04:23:26,59.9747,42.7642,32.14,99,100,5.21
70,Yulara,AU,2023-01-27 04:23:27,-25.2406,130.9889,93.9,30,72,13.33
71,Vestmannaeyjar,IS,2023-01-27 04:23:27,63.4427,-20.2734,38.19,67,99,40.69
72,Talnakh,RU,2023-01-27 04:23:28,69.4865,88.3972,1.2,94,100,9.8
73,Dikson,RU,2023-01-27 04:23:28,73.5069,80.5464,1.36,90,100,12.93
74,Kalmunai,LK,2023-01-27 04:23:28,7.4167,81.8167,76.19,82,100,6.31
75,Boyolangu,ID,2023-01-27 04:23:29,-8.1181,111.8935,83.62,69,100,3.13
76,Saint George,US,2023-01-27 04:23:02,37.1041,-113.5841,41.43,48,0,3.44
77,Yellowknife,CA,2023-01-27 04:21:23,62.456,-114.3525,-19.44,76,20,6.91
78,Busayra,JO,2023-01-27 04:23:30,30.7376,35.6078,45.07,49,0,7.0
79,Faanui,PF,2023-01-27 04:23:30,-16.4833,-151.75,81.48,75,9,14.36
80,Kamenka,RU,2023-01-27 04:23:31,51.3223,42.7678,15.1,89,48,6.96
81,Colares,PT,2023-01-27 04:23:31,38.7992,-9.4469,47.75,75,0,15.01
82,Watertown,US,2023-01-27 04:23:31,42.3709,-71.1828,36.86,62,75,17.27
83,Mayumba,GA,2023-01-27 04:23:32,-3.432,10.6554,73.96,95,100,8.77
84,Flinders,AU,2023-01-27 04:19:43,-34.5833,150.8552,74.05,86,100,7.56
85,Portland,US,2023-01-27 04:22:37,45.5234,-122.6762,45.09,90,100,5.01
86,Cape Town,ZA,2023-01-27 04:20:02,-33.9258,18.4232,69.39,74,0,10.36
87,Te Anau,NZ,2023-01-27 04:23:33,-45.4167,167.7167,71.51,39,11,4.9
88,Chimbote,PE,2023-01-27 04:23:33,-9.0853,-78.5783,69.93,81,99,4.85
89,Honningsvag,NO,2023-01-27 04:23:33,70.9821,25.9704,33.55,80,100,9.22
90,Samarai,PG,2023-01-27 04:23:34,-10.6167,150.6667,84.76,69,21,14.99
91,Phangnga,TH,2023-01-27 04:23:34,8.4509,98.5298,86.04,59,94,5.79
92,Tomatlan,MX,2023-01-27 04:23:34,19.9333,-105.25,64.13,93,0,3.04
93,Berezovyy,RU,2023-01-27 04:23:35,51.6667,135.7,-2.63,77,8,2.66
94,Kruisfontein,ZA,2023-01-27 04:23:35,-34.0033,24.7314,62.22,77,0,4.61
95,Asau,RO,2023-01-27 04:19:59,46.4333,26.4,27.52,95,100,4.03
96,Arraial Do Cabo,BR,2023-01-27 04:21:33,-22.9661,-42.0278,74.55,86,85,2.91
97,Nelson Bay,AU,2023-01-27 04:23:36,-32.7167,152.15,83.08,73,28,5.99
98,Bambous Virieux,MU,2023-01-27 04:23:37,-20.3428,57.7575,78.22,94,75,3.44
99,Butaritari,KI,2023-01-27 04:23:37,3.0707,172.7902,81.01,77,90,12.26
100,Vao,NC,2023-01-27 04:23:37,-22.6667,167.4833,78.26,82,33,12.95
101,Iqaluit,CA,2023-01-27 04:23:38,63.7506,-68.5145,-16.87,52,75,6.91
102,Verkhnyaya Inta,RU,2023-01-27 04:23:38,65.9811,60.3094,21.76,91,100,20.07
103,Taoudenni,ML,2023-01-27 04:23:39,22.6783,-3.9836,51.78,24,3,10.09
104,Kirakira,SB,2023-01-27 04:23:39,-10.4544,161.9205,81.48,82,98,5.06
105,Jacareacanga,BR,2023-01-27 04:23:39,-6.2222,-57.7528,71.92,100,100,1.19
106,Airai,TL,2023-01-27 04:23:40,-8.9266,125.4092,73.42,66,68,1.86
107,Suntar,RU,2023-01-27 04:23:40,62.1444,117.6319,-20.34,97,100,4.68
108,Mugur-Aksy,RU,2023-01-27 04:23:41,50.35,90.5,10.96,79,99,5.06
109,Malanville,BJ,2023-01-27 04:23:41,11.8685,3.3899,72.91,15,2,4.05
110,Mahebourg,MU,2023-01-27 04:23:41,-20.4081,57.7,78.26,94,75,3.44
111,Thompson,CA,2023-01-27 04:23:42,55.7435,-97.8558,-2.04,78,100,5.75
112,Segovia,ES,2023-01-27 04:23:42,41.1667,-4.0,33.44,89,84,7.36
113,Flin Flon,CA,2023-01-27 04:23:43,54.7682,-101.865,6.94,94,99,8.57
114,Klaksvik,FO,2023-01-27 04:23:43,62.2266,-6.589,45.52,94,100,32.39
115,Upernavik,GL,2023-01-27 04:23:44,72.7868,-56.1549,4.39,90,100,24.23
116,San Antonio,US,2023-01-27 04:20:58,29.4241,-98.4936,45.61,62,0,3.44
117,Dori,BF,2023-01-27 04:23:44,14.0354,-0.0345,74.1,16,60,9.1
118,Barrow,US,2023-01-27 04:23:44,71.2906,-156.7887,-7.58,77,0,14.97
119,Santander,ES,2023-01-27 04:23:45,43.4647,-3.8044,48.45,87,75,13.0
120,Mar Del Plata,AR,2023-01-27 04:23:45,-38.0023,-57.5575,70.09,89,40,9.22
121,Oranjemund,NA,2023-01-27 04:23:46,-28.55,16.4333,60.71,94,13,10.76
122,Mount Isa,AU,2023-01-27 04:23:46,-20.7333,139.5,98.37,26,58,10.36
123,Russell,US,2023-01-27 04:21:51,32.3502,-85.1999,40.23,86,0,0.0
124,Beringovskiy,RU,2023-01-27 04:23:47,63.05,179.3167,2.43,96,100,22.19
125,Onoda,JP,2023-01-27 04:23:47,34.0014,131.1836,41.02,52,75,14.97
126,Victoria,HK,2023-01-27 04:23:18,22.2855,114.1577,63.25,46,100,18.01
127,Broome,US,2023-01-27 04:23:48,42.2506,-75.833,29.7,87,100,5.75
128,Lasa,IT,2023-01-27 04:23:48,46.6166,10.7002,25.68,64,4,6.11
129,Bengkulu,ID,2023-01-27 04:23:49,-3.8004,102.2655,75.79,90,99,12.91
130,Batagay,RU,2023-01-27 04:23:49,67.6333,134.6333,-47.49,99,82,1.72
131,Westport,US,2023-01-27 04:23:49,41.1415,-73.3579,41.76,59,0,11.5
132,Bethel,US,2023-01-27 04:23:50,41.3712,-73.414,40.5,52,75,6.91
133,Bitung,ID,2023-01-27 04:23:50,1.4451,125.1824,74.25,78,100,10.67
134,Lavrentiya,RU,2023-01-27 04:23:51,65.5833,-171.0,-6.84,100,100,9.73
135,Khatanga,RU,2023-01-27 04:23:51,71.9667,102.5,-11.13,80,100,16.67
136,Havelock,US,2023-01-27 04:23:51,34.8791,-76.9013,51.78,85,60,1.01
137,Puerto Ayora,EC,2023-01-27 04:23:52,-0.7393,-90.3518,75.54,92,47,1.99
138,Sabalgarh,IN,2023-01-27 04:23:52,26.25,77.4,57.94,41,0,5.64
139,Turka,UA,2023-01-27 04:23:52,49.1541,23.0297,21.25,98,92,2.82
140,Inhambane,MZ,2023-01-27 04:23:53,-23.865,35.3833,76.98,78,20,9.22
141,Sur,OM,2023-01-27 04:23:53,22.5667,59.5289,68.22,61,51,4.36
142,Rawson,AR,2023-01-27 04:21:07,-43.3002,-65.1023,67.8,37,17,9.4
143,Bosanska Kostajnica,HR,2023-01-27 04:23:54,45.2159,16.5444,31.53,94,99,6.64
144,Bousso,TD,2023-01-27 04:23:54,10.4795,16.7117,73.63,17,30,6.71
145,Chapais,CA,2023-01-27 04:23:55,49.7834,-74.8492,-7.82,95,98,8.61
146,Madinat Sittah Uktubar,EG,2023-01-27 04:23:55,29.8167,31.05,53.2,33,18,11.27
147,Lodwar,KE,2023-01-27 04:23:55,3.1191,35.5973,80.65,36,88,12.15
148,Bathsheba,BB,2023-01-27 04:23:56,13.2167,-59.5167,77.61,69,40,13.8
149,Krasnoselkup,RU,2023-01-27 04:23:56,65.7,82.4667,13.95,95,100,8.86
150,Bonavista,CA,2023-01-27 04:23:57,48.6499,-53.1147,34.9,89,100,43.8
151,Suluq,LY,2023-01-27 04:23:57,31.6682,20.2521,52.16,79,0,1.9
152,Takoradi,GH,2023-01-27 04:23:58,4.8845,-1.7554,78.96,88,90,7.27
153,Atuona,PF,2023-01-27 04:23:58,-9.8,-139.0333,78.58,78,18,14.54
154,Imeni Zhelyabova,RU,2023-01-27 04:23:59,58.9544,36.5956,31.62,99,100,5.7
155,Bredasdorp,ZA,2023-01-27 04:23:59,-34.5322,20.0403,61.3,87,10,1.9
156,Albuquerque,US,2023-01-27 04:22:45,35.0845,-106.6511,30.92,40,0,8.05
157,Nanortalik,GL,2023-01-27 04:24:00,60.1432,-45.2371,16.18,69,81,8.37
158,Kasongo,CD,2023-01-27 04:24:00,-4.45,26.6667,66.51,96,100,2.46
159,Tsiroanomandidy,MG,2023-01-27 04:24:00,-18.7667,46.0333,67.71,95,100,14.25
160,Sennoy,RU,2023-01-27 04:24:01,52.1509,46.9631,9.36,92,97,4.63
161,Tanout,NE,2023-01-27 04:24:01,14.9709,8.8879,70.34,11,7,5.88
162,Ayan,RU,2023-01-27 04:24:02,56.45,138.1667,-8.21,60,100,13.11
163,Kurumkan,RU,2023-01-27 04:24:02,54.3,110.3,-3.39,96,98,1.25
164,Quatre Cocos,MU,2023-01-27 04:24:02,-20.2078,57.7625,78.1,88,100,9.57
165,Shakawe,BW,2023-01-27 04:24:03,-18.3667,21.85,62.8,91,67,4.76
166,Carnarvon,AU,2023-01-27 04:24:03,-24.8667,113.6333,82.31,57,0,21.07
167,Parana,AR,2023-01-27 04:21:17,-31.732,-60.5238,86.56,76,3,7.76
168,Kargil,IN,2023-01-27 04:24:04,34.5667,76.1,-5.04,82,34,0.83
169,Camalu,MX,2023-01-27 04:24:04,30.85,-116.0667,56.08,48,4,4.99
170,Kodiak,US,2023-01-27 04:24:05,57.79,-152.4072,27.91,93,0,6.91
171,Ambon,ID,2023-01-27 04:24:05,-3.6954,128.1814,83.57,73,48,0.85
172,Madisonville,US,2023-01-27 04:24:06,37.3281,-87.4989,28.94,81,76,7.31
173,Huarmey,PE,2023-01-27 04:24:06,-10.0681,-78.1522,70.79,82,99,4.74
174,Barber,CW,2023-01-27 04:24:07,12.2833,-69.0667,75.18,88,75,9.22
175,Vardo,NO,2023-01-27 04:24:07,70.3705,31.1107,24.78,93,100,21.85
176,Tiznit,MA,2023-01-27 04:24:08,29.5833,-9.5,44.01,78,0,4.43
177,Ormond Beach,US,2023-01-27 04:22:45,29.2858,-81.0559,54.25,76,40,5.75
178,Ridgecrest,US,2023-01-27 04:24:08,35.6225,-117.6709,47.46,35,0,0.0
179,Sikasso,ML,2023-01-27 04:24:09,10.9167,-7.0,75.78,19,38,5.55
180,Saint Anthony,US,2023-01-27 04:24:09,45.0205,-93.218,15.85,81,100,12.66
181,Vanavara,RU,2023-01-27 04:24:09,60.34,102.2797,7.2,95,99,6.51
182,Malakal,SS,2023-01-27 04:24:10,9.5334,31.6605,75.07,16,85,8.66
183,Charters Towers,AU,2023-01-27 04:24:10,-20.1,146.2667,91.09,47,69,15.35
184,Acapulco,MX,2023-01-27 04:22:10,16.8634,-99.8901,76.82,78,0,2.3
185,Turukhansk,RU,2023-01-27 04:24:11,65.8167,87.9833,3.6,94,100,15.64
186,New Norfolk,AU,2023-01-27 04:24:11,-42.7826,147.0587,79.88,31,92,3.0
187,Dingle,PH,2023-01-27 04:24:12,10.9995,122.6711,83.01,78,87,12.26
188,Cidreira,BR,2023-01-27 04:24:12,-30.1811,-50.2056,76.91,81,98,21.25
189,Nikolskoye,RU,2023-01-27 04:24:12,59.7035,30.7861,30.09,94,17,4.36
190,Nalut,LY,2023-01-27 04:24:13,30.3333,10.85,37.54,66,0,9.53
191,Leh,IN,2023-01-27 04:24:13,34.1667,77.5833,6.22,66,2,1.41
192,San Patricio,US,2023-01-27 04:24:14,28.017,-97.5169,57.06,57,53,5.77
193,Sioux Lookout,CA,2023-01-27 04:21:17,50.1001,-91.917,6.87,78,100,5.75
194,Baruun-Urt,MN,2023-01-27 04:24:14,46.6806,113.2792,-2.22,77,16,12.01
195,Smidovich,RU,2023-01-27 04:24:15,48.6,133.8167,-14.64,83,20,6.58
196,Pangnirtung,CA,2023-01-27 04:24:15,66.1451,-65.7125,-11.2,64,20,8.05
197,Aykhal,RU,2023-01-27 04:24:15,66.0,111.5,-26.14,98,100,8.16
198,Fonte Boa,BR,2023-01-27 04:24:16,-2.4959,-66.2662,73.22,97,96,2.86
199,Dudinka,RU,2023-01-27 04:24:16,69.4058,86.1778,1.62,94,100,16.15
200,Hilo,US,2023-01-27 04:24:17,19.7297,-155.09,74.28,87,40,3.44
201,Lulea,SE,2023-01-27 04:24:17,65.5842,22.1547,17.67,86,67,2.3
202,Zeya,RU,2023-01-27 04:24:18,53.75,127.2667,-16.37,83,14,2.35
203,Kavieng,PG,2023-01-27 04:24:18,-2.5744,150.7967,83.84,71,92,10.2
204,Goderich,CA,2023-01-27 04:24:18,43.7501,-81.7165,32.92,93,100,11.5
205,Esperance,AU,2023-01-27 04:24:19,-33.8667,121.9,69.03,73,100,13.49
206,Sibolga,ID,2023-01-27 04:24:19,1.7427,98.7792,78.58,86,99,3.74
207,Chokurdakh,RU,2023-01-27 04:24:20,70.6333,147.9167,-42.36,100,59,1.36
208,Brae,GB,2023-01-27 04:24:20,60.3964,-1.353,44.04,78,93,20.27
209,Mackay,AU,2023-01-27 04:24:21,-21.15,149.2,87.67,76,22,12.15
210,Ixtapa,MX,2023-01-27 04:24:21,20.7,-105.2,69.03,88,0,0.0
211,Elizabeth City,US,2023-01-27 04:24:21,36.2946,-76.2511,43.02,65,0,6.91
212,Ketchikan,US,2023-01-27 04:24:22,55.3422,-131.6461,45.07,93,100,11.5
213,La Libertad,EC,2023-01-27 04:24:22,-2.2333,-80.9,76.66,75,94,5.64
214,Hasaki,JP,2023-01-27 04:24:23,35.7333,140.8333,45.28,85,100,10.29
215,Namatanai,PG,2023-01-27 04:24:23,-3.6667,152.4333,84.85,64,94,6.62
216,Atar,MR,2023-01-27 04:24:23,20.5169,-13.0499,62.73,19,34,8.3
217,Arlit,NE,2023-01-27 04:24:24,18.7369,7.3853,66.83,15,4,9.8
218,Pinega,RU,2023-01-27 04:24:24,64.7001,43.3936,16.43,93,82,7.34
219,Antigonish,CA,2023-01-27 04:24:25,45.6169,-61.9986,43.95,86,49,8.01
220,Urumqi,CN,2023-01-27 04:24:25,43.801,87.6005,-1.25,78,100,2.24
221,Narsaq,GL,2023-01-27 04:24:25,60.9167,-46.05,1.2,73,59,12.46
222,Lebu,CL,2023-01-27 04:24:26,-37.6167,-73.65,57.33,83,0,16.11
223,Tuatapere,NZ,2023-01-27 04:24:26,-46.1333,167.6833,60.98,53,18,13.78
224,Sarangani,PH,2023-01-27 04:24:27,5.4033,125.4636,81.09,80,95,14.47
225,Mae Sai,TH,2023-01-27 04:24:27,20.4335,99.8762,79.7,40,0,2.19
226,Tura,IN,2023-01-27 04:24:27,25.5198,90.2201,76.91,39,82,2.04
227,Eregli,TR,2023-01-27 04:24:28,37.5133,34.0467,40.53,54,56,3.13
228,Carballo,ES,2023-01-27 04:23:58,43.213,-8.691,48.87,82,93,11.07
229,Bentong,MY,2023-01-27 04:24:29,3.5181,101.9079,88.5,70,100,2.98
230,Ishinomaki,JP,2023-01-27 04:24:29,38.4167,141.3,35.6,51,71,2.89
231,Ribeira Grande,PT,2023-01-27 04:24:29,38.5167,-28.7,57.78,69,3,5.99
232,Deputatskiy,RU,2023-01-27 04:24:30,69.3,139.9,-36.08,99,35,0.96
233,Fort Nelson,CA,2023-01-27 04:24:30,58.8053,-122.7002,6.94,84,20,6.91
234,Olafsvik,IS,2023-01-27 04:24:31,64.8945,-23.7142,34.56,72,35,43.24
235,Ostrovnoy,RU,2023-01-27 04:21:16,68.0531,39.5131,23.23,88,96,25.59
236,Buraydah,SA,2023-01-27 04:24:31,26.326,43.975,48.65,79,0,7.49
237,Aksarka,RU,2023-01-27 04:24:31,66.5606,67.7975,15.84,88,40,13.42
238,Dalhousie,IN,2023-01-27 04:24:32,32.5333,75.9833,42.26,49,0,6.73
239,Praya,CV,2023-01-27 04:24:32,14.9215,-23.5087,66.74,82,0,6.91
240,Reconquista,AR,2023-01-27 04:24:33,-29.15,-59.65,82.17,55,3,6.26
241,Sangar,RU,2023-01-27 04:24:33,63.9242,127.4739,-41.82,96,63,2.73
242,Sao Joao Da Barra,BR,2023-01-27 04:24:34,-21.6403,-41.0511,72.36,92,1,6.04
243,Dalby,AU,2023-01-27 04:24:34,-27.1833,151.2667,83.98,46,100,3.0
244,Darnah,LY,2023-01-27 04:24:34,32.767,22.6367,55.53,63,0,8.86
245,Biak,ID,2023-01-27 04:24:35,-0.9131,122.8766,80.33,77,100,3.02
246,Nemuro,JP,2023-01-27 04:24:36,43.3236,145.575,26.35,59,72,14.81
247,Port Shepstone,ZA,2023-01-27 04:24:36,-30.7414,30.455,73.24,86,63,12.3
248,Gazimurskiy Zavod,RU,2023-01-27 04:24:36,51.5461,118.3266,-6.54,83,80,1.43
249,Zhigansk,RU,2023-01-27 04:24:37,66.7697,123.3711,-53.88,99,62,2.04
250,Shingu,JP,2023-01-27 04:24:37,33.7333,135.9833,41.4,93,100,3.22
251,Luanda,AO,2023-01-27 04:23:42,-8.8368,13.2343,78.24,80,100,3.09
252,Katsuura,JP,2023-01-27 04:24:38,35.1333,140.3,48.11,52,79,13.31
253,Ponta Do Sol,PT,2023-01-27 04:24:38,32.6667,-17.1,61.43,64,5,6.93
254,College,US,2023-01-27 04:24:39,64.8569,-147.8028,-0.9,82,75,0.0
255,Ibra,OM,2023-01-27 04:24:39,22.6906,58.5334,59.79,63,63,2.13
256,Komsomolskiy,UZ,2023-01-27 04:24:39,40.4272,71.7189,23.72,80,9,4.61
257,San Quintin,MX,2023-01-27 04:24:40,30.4833,-115.95,56.86,60,99,0.87
258,Valdez,EC,2023-01-27 04:24:40,1.2492,-78.9831,77.83,84,100,6.22
259,Norman Wells,CA,2023-01-27 04:24:40,65.282,-126.8329,-2.16,84,100,6.91
260,Srednekolymsk,RU,2023-01-27 04:24:41,67.45,153.6833,-39.77,99,49,4.45
261,Jalu,LY,2023-01-27 04:24:41,29.0331,21.5482,53.13,80,13,4.56
262,Marawi,PH,2023-01-27 04:24:42,7.9986,124.2928,79.02,75,99,4.59
263,Kholodnyy,RU,2023-01-27 04:24:42,62.7167,147.95,-22.76,93,40,3.78
264,Tatarsk,RU,2023-01-27 04:24:43,55.219,75.9828,15.58,93,100,17.54
265,Libourne,FR,2023-01-27 04:24:43,44.9167,-0.25,39.7,89,100,6.38
266,Raboso,MX,2023-01-27 04:24:43,18.5667,-98.45,61.23,54,1,6.35
267,Gazanjyk,TM,2023-01-27 04:24:44,39.2446,55.5154,30.16,45,0,7.85
268,Hualmay,PE,2023-01-27 04:24:44,-11.0964,-77.6139,70.95,81,99,5.97
269,Longyan,CN,2023-01-27 04:24:44,25.1072,117.0225,55.56,42,41,5.86
270,Xinqing,CN,2023-01-27 04:24:45,48.2333,129.5,-3.78,66,95,5.86
271,Lichinga,MZ,2023-01-27 04:24:45,-13.3128,35.2406,64.49,94,75,3.44
272,Gizo,SB,2023-01-27 04:24:46,-8.103,156.8419,83.28,70,69,5.06
273,Sao Filipe,CV,2023-01-27 04:24:46,14.8961,-24.4956,71.35,73,66,2.57
274,Akonolinga,CM,2023-01-27 04:24:46,3.7667,12.25,67.73,94,78,3.67
275,Codrington,AU,2023-01-27 04:24:47,-38.2667,141.9667,83.77,23,1,9.33
276,Chebarkul,RU,2023-01-27 04:24:47,54.9749,60.3633,23.63,92,100,3.74
277,Santa Ana,US,2023-01-27 04:19:53,33.7456,-117.8678,63.91,29,0,4.61
278,Charlestown,AU,2023-01-27 04:23:13,-32.95,151.6667,82.81,80,89,7.0
279,Kununurra,AU,2023-01-27 04:22:06,-15.7667,128.7333,89.58,62,75,8.05
280,Dunedin,NZ,2023-01-27 04:24:18,-45.8742,170.5036,59.81,74,100,11.99
281,Ternate,ID,2023-01-27 04:24:48,0.8,127.4,80.76,81,91,9.91
282,Rosetta,EG,2023-01-27 04:24:49,31.4044,30.4164,55.02,55,75,12.5
283,Rognan,NO,2023-01-27 04:24:49,67.0953,15.3878,35.74,86,100,9.6
284,Tokmak,UA,2023-01-27 04:24:49,47.2514,35.7058,29.19,72,0,6.87
285,Murray Bridge,AU,2023-01-27 04:24:50,-35.1167,139.2667,100.13,15,0,9.44
286,Boende,CD,2023-01-27 04:24:50,-0.2167,20.8667,69.37,88,80,2.95
287,Constitucion,CL,2023-01-27 04:24:50,-35.3333,-72.4167,56.41,82,0,10.94
288,Khanpur,PK,2023-01-27 04:24:51,28.6453,70.6567,55.94,22,0,5.64
289,Zhifang,CN,2023-01-27 04:24:51,30.35,114.3167,42.78,18,45,14.16
290,Sao Gabriel Da Cachoeira,BR,2023-01-27 04:24:52,-0.1303,-67.0892,75.51,85,92,1.03
291,Walvis Bay,NA,2023-01-27 04:24:52,-22.9575,14.5053,61.09,87,90,2.89
292,Chuy,UY,2023-01-27 04:24:52,-33.6971,-53.4616,74.57,90,88,9.26
293,Lakes Entrance,AU,2023-01-27 04:19:55,-37.8811,147.981,74.16,60,2,11.7
294,Zavidovici,BA,2023-01-27 04:24:53,44.4458,18.1497,30.52,97,100,3.02
295,Teya,RU,2023-01-27 04:24:54,60.3778,92.6267,15.42,88,100,11.88
296,Misratah,LY,2023-01-27 04:24:54,32.3754,15.0925,51.08,53,0,16.02
297,Beipiao,CN,2023-01-27 04:24:54,41.7919,120.7792,18.77,30,0,16.42
298,Rio Grande,BR,2023-01-27 04:24:55,-32.035,-52.0986,73.47,93,21,8.61
299,Tuktoyaktuk,CA,2023-01-27 04:24:55,69.4541,-133.0374,-36.4,67,0,3.44
300,Sitka,US,2023-01-27 04:24:56,57.0531,-135.33,42.69,87,100,13.8
301,Uyar,RU,2023-01-27 04:24:56,55.81,94.3153,24.21,67,100,26.19
302,Alice Springs,AU,2023-01-27 04:21:46,-23.7,133.8833,96.35,26,99,6.91
303,Aklavik,CA,2023-01-27 04:24:56,68.2191,-135.0107,-12.23,95,100,4.41
304,Eureka,US,2023-01-27 04:20:42,40.8021,-124.1637,47.01,91,0,1.01
305,Vila,PT,2023-01-27 04:24:57,42.0304,-8.1588,35.71,83,73,4.99
306,Pontianak,ID,2023-01-27 04:24:57,-0.0333,109.3333,80.47,84,99,3.29
307,Jonesboro,US,2023-01-27 04:21:08,35.8423,-90.7043,35.42,59,100,4.61
308,Souillac,MU,2023-01-27 04:24:58,-20.5167,57.5167,75.58,94,75,3.44
309,Nyurba,RU,2023-01-27 04:24:58,63.2842,118.3319,-35.28,100,95,2.75
310,Kikwit,CD,2023-01-27 04:24:59,-5.041,18.8162,68.5,90,83,2.68
311,Lhokseumawe,ID,2023-01-27 04:24:59,5.1801,97.1507,79.93,78,99,3.11
312,East London,ZA,2023-01-27 04:24:59,-33.0153,27.9116,70.25,74,2,7.11
313,Cariamanga,EC,2023-01-27 04:25:00,-4.3333,-79.55,54.63,90,99,1.3
314,Port Blair,IN,2023-01-27 04:25:00,11.6667,92.75,82.44,69,20,11.5
315,Ambilobe,MG,2023-01-27 04:25:01,-13.2,49.05,75.2,92,100,1.66
316,Kungurtug,RU,2023-01-27 04:25:01,50.5994,97.5228,1.76,83,85,1.5
317,Baghdad,IQ,2023-01-27 04:25:02,33.3406,44.4009,50.72,40,35,5.03
318,Saint-Leu,RE,2023-01-27 04:25:02,-21.15,55.2833,82.31,82,100,5.12
319,Beyneu,KZ,2023-01-27 04:25:03,45.3167,55.2,23.81,82,46,7.47
320,Sangin,AF,2023-01-27 04:25:03,32.0728,64.8359,38.44,34,100,9.1
321,Lyantonde,UG,2023-01-27 04:25:03,-0.4031,31.1572,61.0,86,92,2.37
322,Lahij,YE,2023-01-27 04:25:04,13.1667,44.5833,66.51,83,16,4.14
323,Denpasar,ID,2023-01-27 04:22:55,-8.65,115.2167,83.44,73,100,10.29
324,Nipawin,CA,2023-01-27 04:25:04,53.3668,-104.0009,15.84,86,100,9.22
325,Hofn,IS,2023-01-27 04:25:05,64.2539,-15.2082,39.52,65,100,20.96
326,Meulaboh,ID,2023-01-27 04:25:05,4.1363,96.1285,80.15,75,100,5.88
327,Annau,TM,2023-01-27 04:25:06,37.8876,58.516,26.1,68,0,2.3
328,Torbay,CA,2023-01-27 04:25:06,47.6666,-52.7314,38.39,94,100,33.38
329,Comodoro Rivadavia,AR,2023-01-27 04:25:07,-45.8667,-67.5,60.66,41,0,18.41
330,Saskatoon,CA,2023-01-27 04:25:07,52.1168,-106.6345,22.98,80,40,5.75
331,Kiama,AU,2023-01-27 04:25:08,-34.6833,150.8667,74.25,82,100,7.14
332,Sattahip,TH,2023-01-27 04:25:08,12.6664,100.9007,89.69,35,100,10.36
333,Pochutla,MX,2023-01-27 04:25:09,15.7432,-96.4661,75.02,73,0,4.0
334,Plyussa,RU,2023-01-27 04:25:09,58.4308,29.3654,31.93,92,100,7.18
335,Bom Jesus,BR,2023-01-27 04:25:10,-9.0744,-44.3586,71.49,93,93,1.14
336,Mahibadhoo,MV,2023-01-27 04:25:10,3.7833,72.9667,80.19,78,75,10.74
337,Tabou,CI,2023-01-27 04:25:10,4.423,-7.3528,78.12,90,12,7.11
338,Marystown,CA,2023-01-27 04:25:11,47.1666,-55.1483,42.35,93,100,41.72
339,Leningradskiy,RU,2023-01-27 04:25:11,69.3833,178.4167,-27.44,100,34,1.25
340,Nuuk,GL,2023-01-27 04:23:35,64.1835,-51.7216,16.56,67,100,14.85
341,Provideniya,RU,2023-01-27 04:25:12,64.3833,-173.3,3.31,72,100,26.84
342,Naze,JP,2023-01-27 04:25:12,28.3667,129.4833,54.52,63,99,24.18
343,San Jose,US,2023-01-27 04:21:48,37.3394,-121.895,57.07,55,0,3.44
344,Bogorodskoye,RU,2023-01-27 04:25:13,56.55,37.8833,27.36,97,100,9.26
345,Grand Gaube,MU,2023-01-27 04:25:13,-20.0064,57.6608,78.39,90,100,5.99
346,Itapicuru,BR,2023-01-27 04:25:14,-11.3167,-38.2333,72.93,97,53,4.61
347,Newport,GB,2023-01-27 04:23:28,51.5877,-2.9984,41.77,83,100,7.83
348,Hay River,CA,2023-01-27 04:25:15,60.8156,-115.7999,-4.02,71,100,4.61
349,Clermont,FR,2023-01-27 04:25:15,49.5,2.4167,39.7,89,90,15.14
350,Ballina,AU,2023-01-27 04:25:15,-28.8667,153.5667,80.78,50,100,2.48
351,Coihaique,CL,2023-01-27 04:25:16,-45.5752,-72.0662,49.95,76,100,2.3
352,Gamba,GA,2023-01-27 04:25:16,-2.65,10.0,74.82,89,100,4.56
353,Prince Rupert,CA,2023-01-27 04:25:17,54.3161,-130.3201,44.69,99,100,19.57
354,Dargaville,NZ,2023-01-27 04:25:17,-35.9333,173.8833,72.66,89,99,7.34
355,Kamaishi,JP,2023-01-27 04:25:17,39.2667,141.8833,36.03,41,40,5.23
356,Dokka,NO,2023-01-27 04:25:18,60.84,10.0618,9.63,96,73,3.94
357,Sabla,NG,2023-01-27 04:25:18,12.7525,4.7077,72.81,13,3,7.47
358,Okato,NZ,2023-01-27 04:25:19,-39.2,173.8833,68.18,88,100,11.99
359,Kuusamo,FI,2023-01-27 04:25:19,65.9667,29.1833,-2.16,84,0,2.3
360,Kilindoni,TZ,2023-01-27 04:25:20,-7.9139,39.6668,79.99,80,100,11.43
361,Xingcheng,CN,2023-01-27 04:25:20,40.6167,120.7167,23.0,30,0,17.05
362,Lagoa,PT,2023-01-27 04:25:20,39.05,-27.9833,57.81,72,49,19.01
363,Palmares Do Sul,BR,2023-01-27 04:25:21,-30.2578,-50.5097,76.48,79,99,14.83
364,Victor Harbor,AU,2023-01-27 04:25:21,-35.5667,138.6167,98.67,52,0,0.65
365,Margate,GB,2023-01-27 04:25:22,51.3813,1.3862,42.69,83,54,8.99
366,Moosomin,CA,2023-01-27 04:25:22,50.1333,-101.6677,14.67,88,99,24.83
367,Jasper,US,2023-01-27 04:25:22,37.2001,-94.3502,33.24,80,20,6.91
368,Lambarene,GA,2023-01-27 04:25:23,-0.7001,10.2406,73.78,94,78,1.72
369,Korla,CN,2023-01-27 04:25:23,41.7597,86.1469,16.86,60,44,3.74
370,Deder,ET,2023-01-27 04:25:24,9.3167,41.45,52.7,51,19,1.32
371,Pisco,PE,2023-01-27 04:25:24,-13.7,-76.2167,73.45,83,0,5.75
372,Zaterechnyy,RU,2023-01-27 04:25:24,44.7931,45.2097,23.97,86,5,7.99
373,Santa Cruz Del Norte,CU,2023-01-27 04:25:25,23.1539,-81.9236,72.09,86,92,14.36
374,Geraldton,AU,2023-01-27 04:25:25,-28.7667,114.6,79.21,57,0,24.16
375,Saldanha,ZA,2023-01-27 04:25:26,-33.0117,17.9442,59.05,90,0,14.67
376,Abaete,BR,2023-01-27 04:25:26,-19.16,-45.4458,67.78,97,51,3.15
377,Fairbanks,US,2023-01-27 04:25:00,64.8378,-147.7164,-0.9,82,100,0.0
378,Sola,VU,2023-01-27 04:25:27,-13.8833,167.55,82.72,76,65,11.88
379,Marand,IR,2023-01-27 04:25:27,38.4329,45.7749,21.45,67,0,0.81
380,Baherden,TM,2023-01-27 04:25:27,38.4362,57.4316,32.45,42,0,5.75
381,Zhezkazgan,KZ,2023-01-27 04:25:28,47.8043,67.7144,-9.42,84,75,2.24
382,Kuching,MY,2023-01-27 04:25:28,1.55,110.3333,84.42,82,20,10.0
383,Remeti,RO,2023-01-27 04:25:29,47.9833,23.6333,28.99,63,95,3.56
384,Abu Kamal,SY,2023-01-27 04:25:29,34.4506,40.9171,47.86,52,2,4.65
385,Kokopo,PG,2023-01-27 04:25:29,-4.352,152.2633,84.7,63,58,5.73
386,Irtyshskiy,RU,2023-01-27 04:25:30,58.3333,68.1333,18.88,95,100,9.71
387,Waingapu,ID,2023-01-27 04:25:30,-9.6567,120.2641,86.16,69,99,14.79
388,Jardim,BR,2023-01-27 04:22:10,-21.4803,-56.1381,75.43,70,50,1.99
389,Ponta Delgada,PT,2023-01-27 04:25:31,37.7333,-25.6667,57.92,58,75,12.66
390,Dalianwan,CN,2023-01-27 04:25:31,39.0286,121.695,24.84,39,75,13.42
391,Tatvan,TR,2023-01-27 04:25:31,38.5067,42.2817,24.22,73,7,1.92
392,Tchollire,CM,2023-01-27 04:25:32,8.4022,14.1698,70.7,20,33,0.31
393,Husavik,IS,2023-01-27 04:25:32,66.0449,-17.3389,34.79,67,31,26.04
394,Juneau,US,2023-01-27 04:22:12,58.3019,-134.4197,42.22,97,100,0.0
395,Manicore,BR,2023-01-27 04:21:07,-5.8092,-61.3003,75.15,94,0,2.3
396,Sangueya,GN,2023-01-27 04:25:33,10.7,-14.3667,69.89,92,41,2.53
397,Golden,US,2023-01-27 04:25:33,39.7555,-105.2211,35.29,40,75,31.07
398,Aasiaat,GL,2023-01-27 04:25:34,68.7098,-52.8699,3.43,97,100,4.79
399,Rodrigues Alves,BR,2023-01-27 04:25:34,-7.738,-72.6509,73.6,98,100,2.77
400,Longyearbyen,SJ,2023-01-27 04:25:35,78.2186,15.6401,4.84,72,0,12.66
401,Pringsewu,ID,2023-01-27 04:25:35,-5.3582,104.9744,83.03,73,100,1.83
402,Port Macquarie,AU,2023-01-27 04:25:35,-31.4333,152.9167,80.89,87,83,9.84
403,Shenxian,CN,2023-01-27 04:25:36,36.2411,115.6672,34.84,16,0,11.45
404,Lorengau,PG,2023-01-27 04:25:36,-2.0226,147.2712,85.15,67,86,10.0
405,Cayenne,GF,2023-01-27 04:25:37,4.9333,-52.3333,69.84,100,0,2.3
406,Gigmoto,PH,2023-01-27 04:25:37,13.7796,124.39,79.21,88,96,5.32
407,Honiara,SB,2023-01-27 04:25:37,-9.4333,159.95,82.09,82,99,2.98
408,Otofuke,JP,2023-01-27 04:25:38,42.9917,143.2003,25.75,66,3,4.29
409,Port Lincoln,AU,2023-01-27 04:25:38,-34.7333,135.8667,84.43,47,47,7.9
410,Tonj,SS,2023-01-27 04:25:39,7.2737,28.6822,72.27,23,71,3.78
411,Mega,ET,2023-01-27 04:25:39,4.05,38.3,62.78,42,100,10.47
412,Kismayo,SO,2023-01-27 04:25:39,-0.3582,42.5454,77.05,78,1,18.05
413,Llanes,ES,2023-01-27 04:25:40,43.4198,-4.7549,49.89,78,100,15.73
414,Yumen,CN,2023-01-27 04:25:40,40.2833,97.2,14.76,45,38,1.19
415,Luganville,VU,2023-01-27 04:25:40,-15.5333,167.1667,85.73,70,33,8.37
416,Xifeng,CN,2023-01-27 04:25:41,42.7372,124.7222,6.78,64,14,9.19
417,Arrecife,ES,2023-01-27 04:25:41,28.963,-13.5477,60.78,55,0,9.22
418,Luderitz,NA,2023-01-27 04:25:42,-26.6481,15.1594,64.09,72,15,16.2
419,Gudur,IN,2023-01-27 04:25:42,14.1333,79.85,76.66,68,41,4.99
420,Talas,TR,2023-01-27 04:25:42,38.6908,35.5538,21.87,86,60,1.14
421,Yanam,IN,2023-01-27 04:25:43,16.7333,82.2167,79.92,55,8,3.47
422,Marsabit,KE,2023-01-27 04:25:43,2.3284,37.9899,61.79,68,78,11.39
423,Maningrida,AU,2023-01-27 04:25:44,-12.0667,134.2667,89.06,58,99,7.58
424,Eseka,CM,2023-01-27 04:25:44,3.65,10.7667,73.58,95,79,1.95
425,Vigrestad,NO,2023-01-27 04:25:44,58.5667,5.7,33.96,72,85,6.55
426,Okahandja,NA,2023-01-27 04:25:45,-21.9833,16.9167,75.24,49,84,4.14
427,Avera,US,2023-01-27 04:25:45,33.194,-82.5271,34.56,70,44,5.73
428,Kysyl-Syr,RU,2023-01-27 04:25:46,63.8986,122.7617,-41.01,98,71,4.52
429,Keetmanshoop,NA,2023-01-27 04:25:46,-26.5833,18.1333,77.2,38,78,4.09
430,Ahipara,NZ,2023-01-27 04:25:46,-35.1667,173.1667,73.38,84,65,6.06
431,Fushun,CN,2023-01-27 04:25:47,41.8558,123.9233,15.51,50,7,9.42
432,Agadez,NE,2023-01-27 04:25:47,19.75,10.25,66.58,16,5,10.47
433,Elat,IL,2023-01-27 04:25:48,29.5581,34.9482,51.64,58,0,4.61
434,Gazojak,TM,2023-01-27 04:25:48,41.1875,61.4036,29.23,52,100,5.08
435,Mehamn,NO,2023-01-27 04:25:49,71.0357,27.8492,33.75,69,75,9.22
436,Puerto Rico,AR,2023-01-27 04:21:52,-26.796,-55.024,74.23,55,23,1.32
437,Along,IN,2023-01-27 04:25:49,28.1667,94.7667,71.13,42,70,0.72
438,Sisimiut,GL,2023-01-27 04:25:49,66.9395,-53.6735,10.62,92,100,9.95
439,Port Hedland,AU,2023-01-27 04:25:50,-20.3167,118.5667,93.25,62,75,14.97
440,Mogadishu,SO,2023-01-27 04:25:50,2.0371,45.3438,75.45,82,43,17.67
441,Ranong,TH,2023-01-27 04:25:51,9.9658,98.6348,89.53,50,77,3.2
442,Sambava,MG,2023-01-27 04:25:51,-14.2667,50.1667,77.59,85,100,3.2
443,Rio Rancho,US,2023-01-27 04:25:52,35.2334,-106.6645,29.79,42,0,6.91
444,Veraval,IN,2023-01-27 04:25:52,20.9,70.3667,67.8,48,0,17.16
445,Plouzane,FR,2023-01-27 04:25:52,48.3833,-4.6167,43.12,81,20,10.36
446,Antofagasta,CL,2023-01-27 04:24:46,-23.65,-70.4,67.28,85,52,4.68
447,Pacific Grove,US,2023-01-27 04:25:53,36.6177,-121.9166,54.64,69,0,4.61
448,Granadilla De Abona,ES,2023-01-27 04:25:53,28.1188,-16.576,56.89,55,40,13.8
449,Greenfield,US,2023-01-27 04:22:14,42.9614,-88.0126,26.1,82,100,10.36
450,Kananga,CD,2023-01-27 04:25:54,-5.8958,22.4178,67.71,90,95,2.3
451,Chivor,CO,2023-01-27 04:25:54,4.8856,-73.3689,53.74,78,82,4.43
452,Linxia,CN,2023-01-27 04:25:55,35.6003,103.2064,17.37,40,0,1.07
453,Imeni Poliny Osipenko,RU,2023-01-27 04:25:55,52.4201,136.4853,-10.37,87,99,8.72
454,Hiranagar,IN,2023-01-27 04:25:56,32.45,75.2667,56.19,55,0,1.79
455,Petropavlovsk-Kamchatskiy,RU,2023-01-27 04:25:56,53.0452,158.6483,28.99,59,75,4.47
456,North Bend,US,2023-01-27 04:24:26,43.4065,-124.2243,44.92,96,0,5.75
457,Kahului,US,2023-01-27 04:25:56,20.8947,-156.47,68.85,97,100,7.0
458,Galesong,ID,2023-01-27 04:25:57,-5.3166,119.3661,80.69,83,99,10.89
459,Tautira,PF,2023-01-27 04:25:57,-17.7333,-149.15,81.03,79,34,16.91
460,Touros,BR,2023-01-27 04:25:58,-5.1989,-35.4608,77.38,80,10,6.49
461,Batagay-Alyta,RU,2023-01-27 04:25:58,67.8006,130.4114,-39.05,89,73,3.18
462,Mariental,NA,2023-01-27 04:25:58,-24.6333,17.9667,82.11,32,97,11.18
463,Marsh Harbour,BS,2023-01-27 04:25:59,26.5412,-77.0636,73.17,85,29,15.35
464,Thinadhoo,MV,2023-01-27 04:25:59,0.5333,72.9333,80.74,71,47,4.38
465,Ilulissat,GL,2023-01-27 04:21:29,69.2167,-51.1,10.42,67,20,13.8
466,Svetlyy,RU,2023-01-27 04:26:00,54.675,20.1347,33.85,98,100,5.12
467,Harindanga,IN,2023-01-27 04:26:00,22.0383,88.3214,80.33,37,41,9.86
468,Mount Gambier,AU,2023-01-27 04:26:01,-37.8333,140.7667,87.24,16,0,2.26
469,Tripoli,LY,2023-01-27 04:21:05,32.8752,13.1875,51.3,68,21,20.67
470,Chara,RU,2023-01-27 04:26:01,56.9064,118.2631,-13.2,88,100,1.3
471,Campo Gobierno,MX,2023-01-27 04:26:02,24.6536,-107.5411,62.85,59,20,0.0
472,Waipawa,NZ,2023-01-27 04:26:02,-41.4122,175.5153,60.57,92,100,5.46
473,Clyde River,CA,2023-01-27 04:26:03,70.4692,-68.5914,-18.17,76,100,6.91
474,Robertsport,LR,2023-01-27 04:26:03,6.7533,-11.3686,77.74,89,51,4.34
475,Payakumbuh,ID,2023-01-27 04:26:04,-0.2202,100.6308,73.15,89,100,3.49
476,Eyl,SO,2023-01-27 04:26:04,7.9803,49.8164,72.7,73,0,11.14
477,Pokhara,NP,2023-01-27 04:26:05,28.2333,83.9833,73.24,18,10,3.58
478,Zhaotong,CN,2023-01-27 04:26:05,27.3167,103.7167,32.85,48,92,7.02
479,Iberia,US,2023-01-27 04:26:05,29.9502,-91.7507,44.67,75,0,3.44
480,Vigeland,NO,2023-01-27 04:26:06,58.0844,7.305,35.94,76,8,4.03
481,Adrar,MR,2023-01-27 04:26:07,20.5022,-10.0711,55.38,22,22,10.42
482,Ouahigouya,BF,2023-01-27 04:26:07,13.5828,-2.4216,72.95,16,85,10.56
483,La Rioja,ES,2023-01-27 04:26:07,42.25,-2.5,31.78,98,100,8.46
484,Karasjok,NO,2023-01-27 04:26:08,69.4719,25.5112,25.23,94,100,22.48
485,Lapua,FI,2023-01-27 04:23:12,62.9693,23.0088,20.1,97,14,3.27
486,Vanimo,PG,2023-01-27 04:26:08,-2.6741,141.3028,84.96,67,83,6.33
487,Harper,LR,2023-01-27 04:26:09,4.375,-7.7169,78.44,88,19,7.49
488,Chiang Kham,TH,2023-01-27 04:26:09,19.5233,100.3,78.21,39,0,2.04
489,Faya,SA,2023-01-27 04:26:10,18.3851,42.4509,48.72,79,10,2.57
490,Puerto Escondido,MX,2023-01-27 04:26:10,15.85,-97.0667,76.03,83,0,0.0
491,Vila Velha,BR,2023-01-27 04:26:11,-20.3297,-40.2925,75.15,95,75,3.44
492,Inirida,CO,2023-01-27 04:26:11,3.8653,-67.9239,72.7,75,87,2.37
493,Glasgow,GB,2023-01-27 04:25:08,55.8652,-4.2576,33.98,93,75,2.3
494,Aswan,EG,2023-01-27 04:26:12,24.0934,32.907,59.32,70,6,5.3
495,Sochi,RU,2023-01-27 04:21:46,43.6,39.7303,35.69,54,0,5.73
496,Mananjary,MG,2023-01-27 04:26:13,-21.2167,48.3333,76.06,92,95,2.89
497,Port Hardy,CA,2023-01-27 04:25:32,50.6996,-127.4199,48.38,93,100,5.75
498,Quebo,GW,2023-01-27 04:26:13,11.3333,-14.9333,68.22,75,44,1.07
499,Cabo San Lucas,MX,2023-01-27 04:26:14,22.8909,-109.9124,68.5,69,96,5.39
500,Kandry,RU,2023-01-27 04:26:14,54.5667,54.1167,18.99,80,97,12.1
501,Jining,CN,2023-01-27 04:26:14,35.405,116.5814,33.85,23,0,11.5
502,Tumut,AU,2023-01-27 04:26:15,-35.3,148.2167,93.87,20,0,6.11
503,Pleasanton,US,2023-01-27 04:23:13,37.6624,-121.8747,56.98,65,0,0.0
504,Iquitos,PE,2023-01-27 04:26:16,-3.7481,-73.2472,77.04,88,75,0.0
505,Heide,DE,2023-01-27 04:26:16,54.2,9.1,38.1,92,98,10.45
506,Berlevag,NO,2023-01-27 04:26:17,70.8578,29.0864,33.8,80,75,13.8
507,Ust-Nera,RU,2023-01-27 04:26:17,64.5667,143.2,-23.28,100,99,6.04
508,Angoche,MZ,2023-01-27 04:26:17,-16.2325,39.9086,76.01,86,89,12.08
509,Vestmanna,FO,2023-01-27 04:26:18,62.1564,-7.1664,43.72,100,100,12.66
510,Sovetskiy,RU,2023-01-27 04:26:18,61.3614,63.5842,17.49,91,9,7.85
511,Moron,AR,2023-01-27 04:26:19,-34.6534,-58.6198,81.97,75,0,8.97
512,Jijiga,ET,2023-01-27 04:26:19,9.35,42.8,58.51,43,16,1.86
513,Sampit,ID,2023-01-27 04:26:20,-2.5333,112.95,84.69,67,100,5.1
514,Nishihara,JP,2023-01-27 04:26:20,26.1842,127.7558,58.68,67,100,32.21
515,Gat,IL,2023-01-27 04:23:04,31.61,34.7642,58.41,17,0,7.05
516,Pyaozerskiy,RU,2023-01-27 04:26:21,65.8333,31.1667,16.23,84,31,8.28
517,Brownsville,US,2023-01-27 04:25:59,25.9018,-97.4975,57.15,71,100,5.75
518,Gataivai,WS,2023-01-27 04:26:22,-13.7736,-172.388,85.82,77,8,14.5
519,Sai Buri,TH,2023-01-27 04:26:22,6.7013,101.6168,78.51,88,100,5.82
520,Singapore,SG,2023-01-27 04:25:35,1.2897,103.8501,89.11,71,40,6.91
521,Ciudad Dario,NI,2023-01-27 04:26:23,12.7314,-86.124,71.87,76,81,10.76
522,Manta,EC,2023-01-27 04:26:23,-0.95,-80.7333,78.58,83,75,5.75
523,Cam Ranh,VN,2023-01-27 04:26:23,11.9214,109.1591,78.76,69,75,16.11
524,Shebalino,RU,2023-01-27 04:26:24,51.2917,85.6772,22.24,82,84,6.17
525,Guerrero Negro,MX,2023-01-27 04:26:24,27.9769,-114.0611,57.92,31,92,8.66
526,Kourou,GF,2023-01-27 04:26:25,5.1552,-52.6478,69.85,85,53,5.73
527,Biltine,TD,2023-01-27 04:26:25,14.5333,20.9167,71.4,15,33,8.63
528,Saint-Pierre,RE,2023-01-27 04:26:26,-21.3393,55.4781,82.9,74,75,1.14
529,Jumla,NP,2023-01-27 04:26:26,29.2747,82.1838,50.38,19,0,2.46
530,Gaffney,US,2023-01-27 04:26:27,35.0718,-81.6498,36.61,63,9,3.22
531,Muisne,EC,2023-01-27 04:26:27,0.6,-80.0333,76.78,85,100,4.18
532,Alta Floresta,BR,2023-01-27 04:25:51,-9.8756,-56.0861,70.7,98,100,1.57
533,Houma,US,2023-01-27 04:26:28,29.5958,-90.7195,45.0,73,0,0.0
534,Ahuimanu,US,2023-01-27 04:26:28,21.4447,-157.8378,74.91,69,20,9.22
535,Plettenberg Bay,ZA,2023-01-27 04:26:29,-34.0527,23.3716,64.67,77,3,3.02
536,Paamiut,GL,2023-01-27 04:26:29,61.994,-49.6678,11.05,70,96,17.36
537,Makakilo City,US,2023-01-27 04:26:29,21.3469,-158.0858,73.72,62,0,13.8
538,Ronneby,SE,2023-01-27 04:26:30,56.21,15.276,27.1,93,6,4.61
539,Orange Cove,US,2023-01-27 04:26:30,36.6244,-119.3137,53.6,91,0,3.44
540,Zhuhai,CN,2023-01-27 04:26:31,22.2769,113.5678,62.31,54,40,24.16
541,Klyuchi,RU,2023-01-27 04:26:31,52.2667,79.1667,11.73,78,4,17.22
542,Hvide Sande,DK,2023-01-27 04:26:31,56.0045,8.1294,29.08,75,2,13.38
543,Kidal,ML,2023-01-27 04:21:38,18.4411,1.4078,65.61,14,88,12.17
544,Payo,ID,2023-01-27 04:26:32,-3.7508,103.6372,85.37,61,98,4.03
545,Wattegama,LK,2023-01-27 04:26:33,6.7989,81.4808,75.34,77,100,4.92
546,Vostok,RU,2023-01-27 04:26:33,46.4856,135.8833,-6.18,78,100,4.81
547,Chipata,ZM,2023-01-27 04:26:33,-13.6333,32.65,63.45,96,98,0.74
548,Hobyo,SO,2023-01-27 04:26:34,5.3505,48.5268,76.24,68,18,17.36
549,Maniitsoq,GL,2023-01-27 04:26:34,65.4167,-52.9,14.22,89,100,16.75
550,Black River,JM,2023-01-27 04:26:34,18.0264,-77.8487,72.21,86,78,5.53
551,Santa Isabel Do Rio Negro,BR,2023-01-27 04:26:35,-0.4139,-65.0192,73.94,74,65,1.1
552,Bayir,TR,2023-01-27 04:26:35,37.2687,28.2167,59.52,74,92,26.37
553,Abalak,RU,2023-01-27 04:26:36,58.1286,68.5944,19.08,95,100,9.1
554,Grand-Santi,GF,2023-01-27 04:26:36,4.25,-54.3833,69.6,98,81,2.06
555,Sao Felix Do Xingu,BR,2023-01-27 04:26:37,-6.6447,-51.995,71.28,99,100,1.68
556,Puerto Quijarro,BO,2023-01-27 04:26:37,-17.7833,-57.7667,73.36,95,100,1.88
557,Semey,KZ,2023-01-27 04:26:38,50.4111,80.2275,7.02,66,0,8.95
558,Muscatine,US,2023-01-27 04:26:38,41.4667,-91.1335,14.76,72,0,8.05
559,Basco,PH,2023-01-27 04:26:38,20.4487,121.9702,73.06,72,97,23.49
560,Racine,US,2023-01-27 04:25:15,42.7495,-88.0751,26.13,86,100,9.22
561,Kangaatsiaq,GL,2023-01-27 04:26:39,68.3065,-53.4641,6.37,93,100,9.73
562,Salto,UY,2023-01-27 04:23:26,-31.3833,-57.9667,79.88,77,10,4.0
563,Shelburne,CA,2023-01-27 04:26:40,44.0787,-80.2041,23.79,96,100,2.95
564,Progreso,MX,2023-01-27 04:26:40,21.2833,-89.6667,72.1,81,100,15.03
565,Beisfjord,NO,2023-01-27 04:26:41,68.3751,17.5988,33.91,92,100,9.46
566,Nova Ushytsya,UA,2023-01-27 04:26:41,48.8372,27.2743,27.23,87,79,6.89
567,Atbasar,KZ,2023-01-27 04:26:41,51.8,68.3333,7.02,88,6,16.28
568,Minden,DE,2023-01-27 04:26:42,52.2833,8.9167,37.89,98,100,4.61
569,Edea,CM,2023-01-27 04:26:42,3.8,10.1333,75.56,94,49,1.79
570,Ambulu,ID,2023-01-27 04:26:42,-8.345,113.6058,83.77,72,100,6.46
571,Storforshei,NO,2023-01-27 04:26:43,66.4043,14.5233,33.66,100,100,1.14
572,Port Keats,AU,2023-01-27 04:26:43,-14.25,129.55,86.85,68,58,5.77
